{
  "pools": [
    {
      "name": "pool1",
      "rolls": 5,
      "entries": [
        {
          "type": "minecraft:item",
          "name": "ends_delight:raw_dragon_meat"
        }
      ]
    },
    {
      "name": "pool2",
      "rolls": 1,
      "entries": [
        {
          "type": "minecraft:item",
          "name": "ends_delight:raw_dragon_meat"
        }
      ],
      "conditions": [
        {
          "condition": "minecraft:random_chance_with_looting",
          "chance": 0.75,
          "looting_multiplier": 0.05
        }
      ]
    },
    {
      "name": "pool3",
      "rolls": 1,
      "entries": [
        {
          "type": "minecraft:item",
          "name": "ends_delight:raw_dragon_meat"
        }
      ],
      "conditions": [
        {
          "condition": "minecraft:random_chance_with_looting",
          "chance": 0.5,
          "looting_multiplier": 0.05
        }
      ]
    },
    {
      "name": "pool4",
      "rolls": 2,
      "entries": [
        {
          "type": "minecraft:item",
          "name": "ends_delight:raw_dragon_meat"
        }
      ],
      "conditions": [
        {
          "condition": "minecraft:entity_properties",
          "predicate": {
            "equipment": {
              "mainhand": {
                "tag": "minecraft:trim_materials"
              }
            }
          },
          "entity": "killer"
        }
      ]
    },
    {
      "name": "pool5",
      "rolls": 2,
      "entries": [
        {
          "type": "minecraft:item",
          "name": "ends_delight:dragon_leg"
        }
      ]
    },
    {
      "name": "pool6",
      "rolls": 3,
      "entries": [
        {
          "type": "minecraft:item",
          "name": "ends_delight:dragon_tooth"
        }
      ]
    },
    {
      "name": "pool7",
      "rolls": 1,
      "entries": [
        {
          "type": "minecraft:item",
          "name": "ends_delight:dragon_tooth"
        }
      ],
      "conditions": [
        {
          "condition": "minecraft:random_chance_with_looting",
          "chance": 0.75,
          "looting_multiplier": 0.05
        }
      ]
    },
    {
      "name": "pool8",
      "rolls": 1,
      "entries": [
        {
          "type": "minecraft:item",
          "name": "ends_delight:dragon_tooth"
        }
      ],
      "conditions": [
        {
          "condition": "minecraft:random_chance_with_looting",
          "chance": 0.5,
          "looting_multiplier": 0.1
        }
      ]
    },
    {
      "name": "pool9",
      "rolls": 1,
      "entries": [
        {
          "type": "minecraft:item",
          "name": "ends_delight:dragon_tooth"
        }
      ],
      "conditions": [
        {
          "condition": "minecraft:entity_properties",
          "predicate": {
            "equipment": {
              "mainhand": {
                "tag": "minecraft:trim_materials"
              }
            }
          },
          "entity": "killer"
        }
      ]
    }
  ]
}