{
  "pools": [
    {
      "name": "pool1",
      "rolls": 1,
      "entries": [
        {
          "type": "minecraft:item",
          "name": "ends_delight:shulker_meat",
          "functions": [
            {
              "function": "farmersdelight:smoker_cook",
              "conditions": [
                {
                  "condition": "minecraft:entity_properties",
                  "predicate": {
                    "flags": {
                      "is_on_fire": true
                    }
                  },
                  "entity": "this"
                }
              ]
            }
          ]
        }
      ],
      "conditions": [
        {
          "condition": "minecraft:entity_properties",
          "predicate": {
            "equipment": {
              "mainhand": {
                "tag": "minecraft:trim_materials"
              }
            }
          },
          "entity": "killer"
        },
        {
          "condition": "minecraft:random_chance_with_looting",
          "chance": 0.8,
          "looting_multiplier": 0.1
        }
      ]
    }
  ]
}